{"cameraMode":{"drawMode":0,"name":"Shaded","section":"Shading Mode"},"sceneLighting":false,"audioPlay":false,"sceneViewState":{"showFog":true,"showMaterialUpdate":false,"showSkybox":false,"showFlares":true,"showImageEffects":true,"showParticleSystems":true,"showVisualEffectGraphs":true,"m_FxEnabled":true},"in2DMode":false,"pivot":{"x":0.3632352352142334,"y":0.12214851379394531,"z":-0.3632352352142334},"rotation":{"x":-0.07252005487680435,"y":0.02243894338607788,"z":0.0016320237191393972,"w":0.9971158504486084},"size":0.778610110282898,"orthographic":true}