{"cameraMode":{"drawMode":0,"name":"Shaded","section":"Shading Mode"},"sceneLighting":false,"audioPlay":false,"sceneViewState":{"showFog":true,"showMaterialUpdate":false,"showSkybox":false,"showFlares":true,"showImageEffects":true,"showParticleSystems":true,"showVisualEffectGraphs":true,"m_FxEnabled":true},"in2DMode":false,"pivot":{"x":-0.28749918937683108,"y":2.962092876434326,"z":0.9125000238418579},"rotation":{"x":0.014059319160878659,"y":0.2157689779996872,"z":-0.003104349598288536,"w":0.9763420224189758},"size":3.7511918544769289,"orthographic":true}