{"cameraMode":{"drawMode":0,"name":"Shaded","section":"Shading Mode"},"sceneLighting":false,"audioPlay":false,"sceneViewState":{"showFog":true,"showMaterialUpdate":false,"showSkybox":false,"showFlares":true,"showImageEffects":true,"showParticleSystems":true,"showVisualEffectGraphs":true,"m_FxEnabled":true},"in2DMode":false,"pivot":{"x":-5.960464477539063e-7,"y":3.1999998092651369,"z":2.400001049041748},"rotation":{"x":0.6723589897155762,"y":-0.0033309333957731725,"z":0.00302567589096725,"w":0.7402143478393555},"size":1.7888542413711548,"orthographic":true}