{"cameraMode":{"drawMode":0,"name":"Shaded","section":"Shading Mode"},"sceneLighting":false,"audioPlay":false,"sceneViewState":{"showFog":true,"showMaterialUpdate":false,"showSkybox":false,"showFlares":true,"showImageEffects":true,"showParticleSystems":true,"showVisualEffectGraphs":true,"m_FxEnabled":true},"in2DMode":false,"pivot":{"x":-0.05930890142917633,"y":0.614460289478302,"z":-0.13756056129932404},"rotation":{"x":0.01939685083925724,"y":-0.9475834965705872,"z":0.31349316239356997,"w":0.058631930500268939},"size":0.6749832034111023,"orthographic":true}