{"cameraMode":{"drawMode":0,"name":"Shaded","section":"Shading Mode"},"sceneLighting":false,"audioPlay":false,"sceneViewState":{"showFog":true,"showMaterialUpdate":false,"showSkybox":false,"showFlares":true,"showImageEffects":true,"showParticleSystems":true,"showVisualEffectGraphs":true,"m_FxEnabled":true},"in2DMode":false,"pivot":{"x":1.5829157829284669,"y":4.929462432861328,"z":1.0204226970672608},"rotation":{"x":-0.008658251725137234,"y":0.6264772415161133,"z":-0.006947418209165335,"w":-0.7793327569961548},"size":1.530152678489685,"orthographic":true}