{"cameraMode":{"drawMode":0,"name":"Shaded","section":"Shading Mode"},"sceneLighting":false,"audioPlay":false,"sceneViewState":{"showFog":true,"showMaterialUpdate":false,"showSkybox":false,"showFlares":true,"showImageEffects":true,"showParticleSystems":true,"showVisualEffectGraphs":true,"m_FxEnabled":true},"in2DMode":false,"pivot":{"x":-7.174125671386719,"y":0.20901882648468018,"z":4.564332962036133},"rotation":{"x":0.16519342362880708,"y":-0.25567182898521426,"z":0.044388554990291598,"w":0.9515146017074585},"size":5.384522914886475,"orthographic":true}